{"frameRate":30,"armature":[{"aabb":{"width":97.635539224652,"y":-94.50650052108037,"height":89.55338695184959,"x":-61.845539224652},"ik":[],"type":"Armature","frameRate":30,"skin":[{"name":"","slot":[{"display":[{"bonePose":[4,0.014834754474138262,-0.9998899589753324,0.9998899589753324,0.014834754474138262,-7.91443400834982,-30.658315581672515,3,-0.03629487506557597,-0.9993411239631712,0.9993411239631712,-0.03629487506557597,-7.600846287783244,-22.024008270630716,2,0.03594603700217499,0.9993537323810014,-0.9993537323810014,0.03594603700217499,-7.92,-18.1],"height":54,"vertices":[-14.79,-52.24,-6.92,-50.2,3.91,-53.51,16.9,-53.5,20.09,-47.11,21,-32.41,21.14,-13.6,17.69,0.49,-18.11,0.49,-23.86,-9.95,-23.86,-22.84,-23.85,-33.55,-19.93,-47.46,-7.04,-20.32,-6.59,-31.95],"triangles":[13,7,6,4,2,5,2,14,5,13,6,5,14,13,5,3,2,4,13,8,7,1,14,2,9,8,13,10,9,13,12,11,14,10,13,14,11,10,14,12,14,1,0,12,1],"userEdges":[],"path":"4","edges":[9,8,8,7,7,6,6,5,5,4,4,3,3,2,2,1,1,0,0,12,12,11,11,10,10,9],"weights":[1,4,1,1,4,1,2,4,0.99252,3,0.00748,3,4,0.9542,3,0.04566,2,0.00014,3,4,0.91184,3,0.08124,2,0.00692,3,4,0.60618,3,0.27149,2,0.12233,3,4,0.12941,3,0.29618,2,0.57442,3,4,0.01627,3,0.17907,2,0.80465,2,3,0.00006,2,0.99994,3,4,0.00295,3,0.06469,2,0.93236,3,4,0.19841,3,0.35621,2,0.44538,3,4,0.73663,3,0.18739,2,0.07599,3,4,0.99985,3,0.00014,2,0.00001,2,3,0.6128,2,0.3872,2,4,0.98211,3,0.01789],"type":"mesh","transform":{},"width":45,"uvs":[0.2013,0.02334,0.3761,0.06134,0.61676,0,0.90556,0,0.97649,0.11834,0.99676,0.39067,1,0.73901,0.92329,1,0.12783,1,0,0.80656,0,0.56801,0,0.36956,0.0873,0.11201,0.37356,0.61445,0.3837,0.39912],"slotPose":[1,0,0,1,0,0],"name":"4"}],"name":"4"},{"display":[{"bonePose":[9,0.7167889184671792,-0.6972902167409573,0.6972902167409573,0.7167889184671792,17.52629947156767,-37.718485416070465,11,0.33002017440694786,-0.9439738791324724,0.9439738791324724,0.33002017440694786,23.33228971115182,-43.366536171672216],"height":32,"vertices":[17.55,-45.4,15.15,-41.41,15.15,-35.14,20.29,-34.51,25.53,-40.27,32.82,-41.06,38.15,-47.34,38.15,-66.49,20.62,-66.5,19.49,-56.68,22.79,-43.23],"triangles":[8,9,7,10,5,6,9,10,6,7,9,6,10,4,5,9,0,10,10,3,4,1,3,10,0,1,10,1,2,3],"userEdges":[],"path":"1","edges":[1,2,2,3,3,4,4,5,5,6,6,7,7,8,8,9,9,0,0,1],"weights":[2,9,0.78792,11,0.21208,2,9,0.99945,11,0.00055,1,9,1,1,9,1,2,9,0.75537,11,0.24463,2,9,0.04642,11,0.95358,1,11,1,1,11,1,1,11,1,2,9,0.01533,11,0.98467,2,9,0.90452,11,0.09548],"type":"mesh","transform":{},"width":23,"uvs":[0.1043,0.65939,0,0.78408,0,0.98001,0.22326,1,0.45125,0.8197,0.76847,0.79477,1,0.59883,1,0,0.23813,0,0.18856,0.30671,0.3323,0.72708],"slotPose":[1,0,0,1,0,0],"name":"1"}],"name":"1"},{"display":[{"bonePose":[6,-0.9871641545692732,-0.15970889747766617,0.15970889747766617,-0.9871641545692732,-10.268568974933851,-36.46387744587708,8,-0.9319445977168028,-0.3626006988223635,0.3626006988223635,-0.9319445977168028,-25.806532767854215,-38.97769549217555,10,-0.9619323347784544,-0.2732877298886123,0.2732877298886123,-0.9619323347784544,-34.756286051962675,-42.58862558753738],"height":43,"vertices":[-30.06,-47.11,-19.69,-44.72,-10.8,-49.16,-5.85,-42.67,-5.86,-30.81,-9.21,-18.73,-18.67,-11.5,-29.95,-11.5,-38.85,-16.9,-43.97,-24.2,-39.18,-35.37,-46.85,-41.08,-46.84,-50.65,-42.49,-54.51,-34.17,-54.5,-24.48,-38.34,-34.74,-41.98],"triangles":[15,5,4,1,15,4,1,4,3,2,1,3,15,6,5,15,7,6,8,7,15,10,8,15,0,15,1,9,8,10,16,10,15,0,16,15,14,16,0,13,12,16,12,11,16,11,10,16,14,13,16],"userEdges":[],"path":"7","edges":[11,10,10,9,9,8,8,7,7,6,6,5,5,4,4,3,3,2,2,1,1,0,0,14,14,13,13,12,12,11],"weights":[3,6,0.02539,8,0.65962,10,0.31499,2,6,0.93872,8,0.06128,1,6,1,1,6,1,2,6,0.96416,8,0.03584,2,6,0.7447,8,0.2553,2,6,0.49836,8,0.50164,2,6,0.27087,8,0.72913,2,6,0.09547,8,0.90453,2,6,0.01431,8,0.98569,2,8,0.82439,10,0.17561,2,8,0.04594,10,0.95406,2,8,0.00001,10,0.99999,1,10,1,2,8,0.04919,10,0.95081,1,6,1,2,8,0.83412,10,0.16588],"type":"mesh","transform":{},"width":41,"uvs":[0.40933,0.17187,0.66235,0.22755,0.87923,0.12415,1,0.27527,1,0.55099,0.91815,0.83201,0.68737,1,0.41211,1,0.19523,0.87443,0.07011,0.70475,0.18689,0.44494,0,0.31238,0,0.08969,0.10626,0,0.30923,0,0.54557,0.37601,0.29533,0.29117],"slotPose":[1,0,0,1,0,0],"name":"7"}],"name":"7"},{"display":[{"width":34,"userEdges":[],"type":"mesh","vertices":[4.51,-11.74,-1.78,-6.11,-0.19,6.33,4.64,18.36,15.37,21.39,26.11,20.01,34.79,11.86,33.91,4.97,24.71,0.05,12.17,-6.39,8.01,-11.95],"transform":{},"height":42,"path":"2","uvs":[0.20448,0.18496,0,0.29896,0,0.59753,0.09615,0.8961,0.39791,1,0.71644,1,1,0.83368,1,0.66811,0.74997,0.52425,0.40797,0.33425,0.30738,0.19039],"edges":[1,2,2,3,3,4,4,5,5,6,6,7,7,8,8,9,9,10,10,0,0,1],"name":"2","triangles":[7,8,6,8,5,6,2,3,4,2,4,8,9,2,8,4,5,8,10,0,9,0,1,9,1,2,9]}],"name":"2"},{"display":[{"path":"6","type":"image","name":"6","transform":{"skY":115.88,"y":-1.99,"skX":115.88,"x":16.83}}],"name":"6"},{"display":[{"path":"3","type":"image","name":"3","transform":{"skY":85.02,"y":3.16,"skX":85.02,"x":23.88}}],"name":"3"},{"display":[{"path":"5","type":"image","name":"5","transform":{"skY":164.15,"y":-0.02,"skX":164.15,"x":8.92}}],"name":"5"}]}],"animation":[{"frame":[],"ik":[],"bone":[{"frame":[{"duration":30,"transform":{}},{"duration":0,"transform":{}}],"name":"bone"},{"frame":[{"duration":30,"transform":{}},{"duration":0,"transform":{}}],"name":"bone2"},{"frame":[{"duration":5,"transform":{"skY":-4.7,"skX":-4.7},"curve":[0.382,0.57,0.735,1]},{"duration":15,"transform":{},"curve":[0.25,0,0.75,1]},{"duration":10,"transform":{"skY":-16.56,"skX":-16.56},"curve":[0.243,0,0.649,0.6]},{"duration":0,"transform":{"skY":-4.7,"skX":-4.7}}],"name":"bone6"},{"frame":[{"duration":8,"transform":{"skY":9.59,"skX":9.59},"curve":[0.372,0.48,0.752,1]},{"duration":15,"transform":{"skY":29.56,"skX":29.56},"curve":[0.25,0,0.75,1]},{"duration":7,"transform":{"skY":-7.14,"skX":-7.14},"curve":[0.252,0,0.622,0.48]},{"duration":0,"transform":{"skY":9.59,"skX":9.59}}],"name":"bone7"},{"frame":[{"duration":11,"transform":{"skY":-21.15,"skX":-21.15},"curve":[0.337,0.35,0.758,1]},{"duration":15,"transform":{},"curve":[0.25,0,0.75,1]},{"duration":4,"transform":{"skY":-26.52,"skX":-26.52},"curve":[0.273,0,0.62,0.41]},{"duration":0,"transform":{"skY":-21.15,"skX":-21.15}}],"name":"bone8"},{"frame":[{"duration":30,"transform":{}},{"duration":0,"transform":{}}],"name":"bone9"},{"frame":[{"duration":15,"transform":{},"curve":[0.25,0,0.75,1]},{"duration":15,"transform":{"skY":13.06,"skX":13.06},"curve":[0.25,0,0.75,1]},{"duration":0,"transform":{}}],"name":"bone10"},{"frame":[{"duration":15,"transform":{},"curve":[0.25,0,0.75,1]},{"duration":15,"transform":{"skY":30.65,"skX":30.65},"curve":[0.25,0,0.75,1]},{"duration":0,"transform":{}}],"name":"bone11"},{"frame":[{"duration":15,"transform":{"skY":-23.42,"skX":-23.42},"curve":[0.25,0,0.75,1]},{"duration":15,"transform":{"skY":36.75,"skX":36.75},"curve":[0.25,0,0.75,1]},{"duration":0,"transform":{"skY":-23.42,"skX":-23.42}}],"name":"bone12"},{"frame":[{"duration":3,"transform":{"skY":1.12,"skX":1.12},"curve":[0.375,0.62,0.716,1]},{"duration":15,"transform":{"skY":-359.67,"skX":-359.67},"curve":[0.25,0,0.75,1]},{"duration":12,"transform":{"skY":-353.6,"skX":-353.6},"curve":[0.243,0,0.68,0.71]},{"duration":0,"transform":{"skY":1.12,"skX":1.12}}],"name":"bone3"},{"frame":[{"duration":6,"transform":{"skY":0.18,"skX":0.18},"curve":[0.381,0.55,0.742,1]},{"duration":15,"transform":{"skY":7.61,"skX":7.61},"curve":[0.25,0,0.75,1]},{"duration":9,"transform":{"skY":-12.6,"skX":-12.6},"curve":[0.245,0,0.637,0.56]},{"duration":0,"transform":{"skY":0.18,"skX":0.18}}],"name":"bone4"},{"frame":[{"duration":9,"transform":{"skY":1.98,"skX":1.98},"curve":[0.363,0.44,0.755,1]},{"duration":15,"transform":{"skY":6.87,"skX":6.87},"curve":[0.25,0,0.75,1]},{"duration":6,"transform":{"skY":-0.87,"skX":-0.87},"curve":[0.258,0,0.619,0.45]},{"duration":0,"transform":{"skY":1.98,"skX":1.98}}],"name":"bone5"},{"frame":[{"duration":30,"transform":{}}],"name":"root"}],